flight_name,flight_number,date_utc,payload_mass_kg,landing_success,year,month,orbit_GEO,orbit_GTO,orbit_HEO,orbit_ISS,orbit_LEO,orbit_LEO;VLEO,orbit_MEO,orbit_PO,orbit_SSO,orbit_SSO;VLEO,orbit_TLI,orbit_VLEO,launch_site_KSC LC 39A,launch_site_VAFB SLC 4E,landing_type_Ocean,landing_type_RTLS,landpad_name_JRTI,landpad_name_JRTI-1,landpad_name_LZ-1,landpad_name_LZ-4,landpad_name_OCISLY
CASSIOPE,11,2013-09-29T16:00:00.000Z,500.0,0,2013,9,False,False,False,False,False,False,False,True,False,False,False,False,False,True,True,False,False,False,False,False,False
CRS-3,14,2014-04-18T19:25:00.000Z,2296.0,1,2014,4,False,False,False,True,False,False,False,False,False,False,False,False,False,False,True,False,False,False,False,False,False
OG-2 Mission 1,15,2014-07-14T15:15:00.000Z,1316.0,1,2014,7,False,False,False,False,True,False,False,False,False,False,False,False,False,False,True,False,False,False,False,False,False
CRS-4,18,2014-09-21T05:52:00.000Z,2216.0,0,2014,9,False,False,False,True,False,False,False,False,False,False,False,False,False,False,True,False,False,False,False,False,False
CRS-5,19,2015-01-10T09:47:00.000Z,2395.0,0,2015,1,False,False,False,True,False,False,False,False,False,False,False,False,False,False,False,False,False,True,False,False,False
DSCOVR,20,2015-02-11T23:03:00.000Z,570.0,1,2015,2,False,False,False,False,False,False,False,False,False,False,False,False,False,False,True,False,False,False,False,False,False
CRS-6,22,2015-04-14T20:10:00.000Z,1898.0,0,2015,4,False,False,False,True,False,False,False,False,False,False,False,False,False,False,False,False,False,True,False,False,False
OG-2 Mission 2,25,2015-12-22T01:29:00.000Z,2034.0,1,2015,12,False,False,False,False,True,False,False,False,False,False,False,False,False,False,False,True,False,False,True,False,False
Jason 3,26,2016-01-17T15:42:00.000Z,553.0,0,2016,1,False,False,False,False,False,False,False,True,False,False,False,False,False,True,False,False,True,False,False,False,False
SES-9,27,2016-03-04T23:35:00.000Z,5271.0,0,2016,3,False,True,False,False,False,False,False,False,False,False,False,False,False,False,False,False,False,False,False,False,True
CRS-8,28,2016-04-08T20:43:00.000Z,3136.0,1,2016,4,False,False,False,True,False,False,False,False,False,False,False,False,False,False,False,False,False,False,False,False,True
JCSAT-2B,29,2016-05-06T05:21:00.000Z,4696.0,1,2016,5,False,True,False,False,False,False,False,False,False,False,False,False,False,False,False,False,False,False,False,False,True
Thaicom 8,30,2016-05-27T21:39:00.000Z,3100.0,1,2016,5,False,True,False,False,False,False,False,False,False,False,False,False,False,False,False,False,False,False,False,False,True
ABS-2A / Eutelsat 117W B,31,2016-06-15T14:29:00.000Z,3600.0,0,2016,6,False,True,False,False,False,False,False,False,False,False,False,False,False,False,False,False,False,False,False,False,True
CRS-9,32,2016-07-18T04:45:00.000Z,2257.0,1,2016,7,False,False,False,True,False,False,False,False,False,False,False,False,False,False,False,True,False,False,True,False,False
JCSAT-16,33,2016-08-14T05:26:00.000Z,4600.0,1,2016,8,False,True,False,False,False,False,False,False,False,False,False,False,False,False,False,False,False,False,False,False,True
Iridium NEXT Mission 1,35,2017-01-14T17:54:00.000Z,9600.0,1,2017,1,False,False,False,False,False,False,False,True,False,False,False,False,False,True,False,False,True,False,False,False,False
CRS-10,36,2017-02-19T14:39:00.000Z,2490.0,1,2017,2,False,False,False,True,False,False,False,False,False,False,False,False,True,False,False,True,False,False,True,False,False
SES-10,38,2017-03-30T22:27:00.000Z,5300.0,1,2017,3,False,True,False,False,False,False,False,False,False,False,False,False,True,False,False,False,False,False,False,False,True
NROL-76,39,2017-05-01T11:15:00.000Z,,1,2017,5,False,False,False,False,True,False,False,False,False,False,False,False,True,False,False,True,False,False,True,False,False
CRS-11,41,2017-06-03T21:07:00.000Z,2708.0,1,2017,6,False,False,False,True,False,False,False,False,False,False,False,False,True,False,False,True,False,False,True,False,False
BulgariaSat-1,42,2017-06-23T19:10:00.000Z,3669.0,1,2017,6,False,True,False,False,False,False,False,False,False,False,False,False,True,False,False,False,False,False,False,False,True
Iridium NEXT Mission 2,43,2017-06-25T20:25:00.000Z,9600.0,1,2017,6,False,False,False,False,False,False,False,True,False,False,False,False,False,True,False,False,True,False,False,False,False
CRS-12,45,2017-08-14T16:31:00.000Z,2910.0,1,2017,8,False,False,False,True,False,False,False,False,False,False,False,False,True,False,False,True,False,False,True,False,False
FormoSat-5,46,2017-08-24T18:50:00.000Z,475.0,1,2017,8,False,False,False,False,False,False,False,False,True,False,False,False,False,True,False,False,True,False,False,False,False
Boeing X-37B OTV-5,47,2017-09-07T13:50:00.000Z,4990.0,1,2017,9,False,False,False,False,True,False,False,False,False,False,False,False,True,False,False,True,False,False,True,False,False
Iridium NEXT Mission 3,48,2017-10-09T12:37:00.000Z,9600.0,1,2017,10,False,False,False,False,False,False,False,True,False,False,False,False,False,True,False,False,True,False,False,False,False
SES-11 / Echostar 105,49,2017-10-11T22:53:00.000Z,5200.0,1,2017,10,False,True,False,False,False,False,False,False,False,False,False,False,True,False,False,False,False,False,False,False,True
KoreaSat 5A,50,2017-10-30T19:34:00.000Z,3700.0,1,2017,10,False,True,False,False,False,False,False,False,False,False,False,False,True,False,False,False,False,False,False,False,True
CRS-13,51,2017-12-15T15:36:00.000Z,2205.0,1,2017,12,False,False,False,True,False,False,False,False,False,False,False,False,False,False,False,True,False,False,True,False,False
Iridium NEXT Mission 4,52,2017-12-23T01:27:23.000Z,9600.0,1,2017,12,False,False,False,False,False,False,False,True,False,False,False,False,False,True,True,False,False,False,False,False,False
ZUMA,53,2018-01-08T01:00:00.000Z,,1,2018,1,False,False,False,False,True,False,False,False,False,False,False,False,False,False,False,True,False,False,True,False,False
SES-16 / GovSat-1,54,2018-01-31T21:25:00.000Z,4230.0,1,2018,1,False,True,False,False,False,False,False,False,False,False,False,False,False,False,True,False,False,False,False,False,False
TESS,60,2018-04-18T22:51:00.000Z,350.0,1,2018,4,False,False,True,False,False,False,False,False,False,False,False,False,False,False,False,False,False,False,False,False,True
Bangabandhu-1,61,2018-05-11T20:14:00.000Z,3750.0,1,2018,5,False,True,False,False,False,False,False,False,False,False,False,False,True,False,False,False,False,False,False,False,True
Telstar 19V,65,2018-07-22T05:50:00.000Z,7076.0,1,2018,7,False,True,False,False,False,False,False,False,False,False,False,False,False,False,False,False,False,False,False,False,True
Iridium NEXT Mission 7,66,2018-07-25T11:39:26.000Z,9600.0,1,2018,7,False,False,False,False,False,False,False,True,False,False,False,False,False,True,False,False,True,False,False,False,False
Merah Putih,67,2018-08-07T05:18:00.000Z,5800.0,1,2018,8,False,True,False,False,False,False,False,False,False,False,False,False,False,False,False,False,False,False,False,False,True
Telstar 18V,68,2018-09-10T04:45:00.000Z,7060.0,1,2018,9,False,True,False,False,False,False,False,False,False,False,False,False,False,False,False,False,False,False,False,False,True
SAOCOM 1A,69,2018-10-08T02:22:00.000Z,2800.0,1,2018,10,False,False,False,False,False,False,False,False,True,False,False,False,False,True,False,True,False,False,False,True,False
Es’hail 2,70,2018-11-15T20:46:00.000Z,3000.0,1,2018,11,False,True,False,False,False,False,False,False,False,False,False,False,True,False,False,False,False,False,False,False,True
SSO-A,71,2018-12-03T18:34:00.000Z,4000.0,1,2018,12,False,False,False,False,False,False,False,False,True,False,False,False,False,True,False,False,True,False,False,False,False
CRS-16,72,2018-12-05T18:16:00.000Z,2573.0,0,2018,12,False,False,False,True,False,False,False,False,False,False,False,False,False,False,False,True,False,False,True,False,False
Iridium NEXT Mission 8,74,2019-01-11T15:31:00.000Z,9600.0,1,2019,1,False,False,False,False,False,False,False,True,False,False,False,False,False,True,False,False,True,False,False,False,False
Nusantara Satu (PSN-6) / S5 / Beresheet,75,2019-02-22T01:45:00.000Z,5645.0,1,2019,2,False,True,False,False,False,False,False,False,False,False,False,False,False,False,False,False,False,False,False,False,True
CCtCap Demo Mission 1,76,2019-03-02T07:45:00.000Z,12259.0,1,2019,3,False,False,False,True,False,False,False,False,False,False,False,False,True,False,False,False,False,False,False,False,True
CRS-17,78,2019-05-04T06:48:00.000Z,2482.0,1,2019,5,False,False,False,True,False,False,False,False,False,False,False,False,False,False,False,False,False,False,False,False,True
Starlink v0.9,79,2019-05-24T02:30:00.000Z,13200.0,1,2019,5,False,False,False,False,False,False,False,False,False,False,False,True,False,False,False,False,False,False,False,False,True
RADARSAT Constellation,80,2019-06-12T14:17:00.000Z,1425.0,1,2019,6,False,False,False,False,False,False,False,False,True,False,False,False,False,True,False,True,False,False,False,True,False
CRS-18,82,2019-07-25T22:01:00.000Z,2227.7,1,2019,7,False,False,False,True,False,False,False,False,False,False,False,False,False,False,False,True,False,False,True,False,False
Starlink-1,84,2019-11-11T14:56:00.000Z,15600.0,1,2019,11,False,False,False,False,False,False,False,False,False,False,False,True,False,False,False,False,False,False,False,False,True
CRS-19,85,2019-12-05T17:29:23.000Z,5000.0,1,2019,12,False,False,False,True,False,False,False,False,False,False,False,False,False,False,False,False,False,False,False,False,True
JCSat 18 / Kacific 1,86,2019-12-17T00:10:00.000Z,6800.0,1,2019,12,False,True,False,False,False,False,False,False,False,False,False,False,False,False,False,False,False,False,False,False,True
Starlink-2,87,2020-01-07T02:19:00.000Z,15600.0,1,2020,1,False,False,False,False,False,False,False,False,False,False,False,True,False,False,False,False,False,False,False,False,True
Starlink-3,89,2020-01-29T14:06:00.000Z,15600.0,1,2020,1,False,False,False,False,False,False,False,False,False,False,False,True,False,False,False,False,False,False,False,False,True
Starlink-4,90,2020-02-17T15:05:55.000Z,15600.0,0,2020,2,False,False,False,False,False,False,False,False,False,False,False,True,False,False,False,False,False,False,False,False,True
CRS-20,91,2020-03-07T04:50:31.000Z,1977.0,1,2020,3,False,False,False,True,False,False,False,False,False,False,False,False,False,False,False,True,False,False,True,False,False
Starlink-5,92,2020-03-18T12:16:00.000Z,15600.0,0,2020,3,False,False,False,False,False,False,False,False,False,False,False,True,True,False,False,False,False,False,False,False,True
Starlink-6,93,2020-04-22T19:30:00.000Z,15600.0,1,2020,4,False,False,False,False,False,False,False,False,False,False,False,True,True,False,False,False,False,False,False,False,True
CCtCap Demo Mission 2,94,2020-05-30T19:22:00.000Z,9525.0,1,2020,5,False,False,False,True,False,False,False,False,False,False,False,False,True,False,False,False,False,False,False,False,True
Starlink-7,95,2020-06-04T01:25:00.000Z,15600.0,1,2020,6,False,False,False,False,False,False,False,False,False,False,False,True,False,False,False,False,True,False,False,False,False
Starlink-8 & SkySat 16-18,96,2020-06-13T09:21:00.000Z,15600.0,1,2020,6,False,False,False,False,False,False,False,False,False,False,False,True,False,False,False,False,False,False,False,False,True
GPS III SV03 (Columbus),97,2020-06-30T19:55:00.000Z,3880.0,1,2020,6,False,False,False,False,False,False,True,False,False,False,False,False,False,False,False,False,True,False,False,False,False
ANASIS-II,98,2020-07-20T21:30:00.000Z,,1,2020,7,True,False,False,False,False,False,False,False,False,False,False,False,False,False,False,False,True,False,False,False,False
Starlink-9 (v1.0) & BlackSky Global 5-6,99,2020-08-07T05:12:00.000Z,15712.0,1,2020,8,False,False,False,False,False,False,False,False,False,True,False,False,True,False,False,False,False,False,False,False,True
Starlink-10 (v1.0) & SkySat 19-21,100,2020-08-18T14:31:00.000Z,15600.0,1,2020,8,False,False,False,False,False,False,False,False,False,False,False,True,False,False,False,False,False,False,False,False,True
"SAOCOM 1B, GNOMES-1, Tyvak-0172",101,2020-08-30T23:18:00.000Z,1600.0,1,2020,8,False,False,False,False,False,False,False,False,True,False,False,False,False,False,False,True,False,False,True,False,False
Starlink-11 (v1.0),102,2020-09-03T12:46:00.000Z,15600.0,1,2020,9,False,False,False,False,False,False,False,False,False,False,False,True,True,False,False,False,False,False,False,False,True
Starlink-12 (v1.0),103,2020-10-06T11:29:00.000Z,15600.0,1,2020,10,False,False,False,False,False,False,False,False,False,False,False,True,True,False,False,False,False,False,False,False,True
Starlink-13 (v1.0),104,2020-10-18T12:25:00.000Z,15600.0,1,2020,10,False,False,False,False,False,False,False,False,False,False,False,True,True,False,False,False,False,False,False,False,True
Starlink-14 (v1.0),105,2020-10-24T15:31:00.000Z,15600.0,1,2020,10,False,False,False,False,False,False,False,False,False,False,False,True,False,False,False,False,True,False,False,False,False
GPS III SV04 (Sacagawea),106,2020-11-05T23:24:00.000Z,3681.0,1,2020,11,False,False,False,False,False,False,True,False,False,False,False,False,False,False,False,False,False,False,False,False,True
Crew-1,107,2020-11-16T00:27:00.000Z,,1,2020,11,False,False,False,True,False,False,False,False,False,False,False,False,True,False,False,False,True,False,False,False,False
Sentinel-6 Michael Freilich,108,2020-11-21T17:17:00.000Z,1440.0,1,2020,11,False,False,False,False,False,False,False,True,False,False,False,False,False,True,False,True,False,False,False,True,False
Starlink-15 (v1.0),109,2020-11-25T02:13:00.000Z,15600.0,1,2020,11,False,False,False,False,False,False,False,False,False,False,False,True,False,False,False,False,False,False,False,False,True
CRS-21,110,2020-12-06T16:17:00.000Z,2972.0,1,2020,12,False,False,False,True,False,False,False,False,False,False,False,False,True,False,False,False,False,False,False,False,True
SXM-7,111,2020-12-13T17:30:00.000Z,7000.0,1,2020,12,False,True,False,False,False,False,False,False,False,False,False,False,False,False,False,False,True,False,False,False,False
NROL-108,112,2020-12-19T14:00:00.000Z,,1,2020,12,False,False,False,False,False,False,False,False,False,False,False,False,True,False,False,True,False,False,True,False,False
Turksat 5A,113,2021-01-08T02:15:00.000Z,3500.0,1,2021,1,False,True,False,False,False,False,False,False,False,False,False,False,False,False,False,False,True,False,False,False,False
Starlink-16 (v1.0),114,2021-01-20T13:02:00.000Z,15600.0,1,2021,1,False,False,False,False,False,False,False,False,False,False,False,True,True,False,False,False,True,False,False,False,False
Transporter-1,115,2021-01-24T15:00:00.000Z,,1,2021,1,False,False,False,False,False,False,False,False,True,False,False,False,False,False,False,False,False,False,False,False,True
Starlink-18 (v1.0),116,2021-02-04T06:19:00.000Z,15600.0,1,2021,2,False,False,False,False,False,False,False,False,False,False,False,True,False,False,False,False,False,False,False,False,True
Starlink-19 (v1.0),117,2021-02-16T03:59:00.000Z,15600.0,0,2021,2,False,False,False,False,False,False,False,False,False,False,False,True,False,False,False,False,False,False,False,False,True
Starlink-17 (v1.0),118,2021-03-04T08:24:00.000Z,15600.0,1,2021,3,False,False,False,False,False,False,False,False,False,False,False,True,True,False,False,False,False,False,False,False,True
Starlink-20 (v1.0),119,2021-03-11T08:13:00.000Z,15600.0,1,2021,3,False,False,False,False,False,False,False,False,False,False,False,True,False,False,False,False,True,False,False,False,False
Starlink-21 (v1.0),120,2021-03-14T10:01:00.000Z,15600.0,1,2021,3,False,False,False,False,False,False,False,False,False,False,False,True,True,False,False,False,False,False,False,False,True
Starlink-22 (v1.0),121,2021-03-24T08:28:00.000Z,15600.0,1,2021,3,False,False,False,False,False,False,False,False,False,False,False,True,False,False,False,False,False,False,False,False,True
Starlink-23 (v1.0),122,2021-04-07T16:34:00.000Z,15600.0,1,2021,4,False,False,False,False,False,False,False,False,False,False,False,True,False,False,False,False,False,False,False,False,True
Crew-2,123,2021-04-23T09:49:00.000Z,,1,2021,4,False,False,False,True,False,False,False,False,False,False,False,False,True,False,False,False,False,False,False,False,True
Starlink-24 (v1.0),124,2021-04-29T03:44:00.000Z,15600.0,1,2021,4,False,False,False,False,False,False,False,False,False,False,False,True,False,False,False,False,True,False,False,False,False
Starlink-25 (v1.0),125,2021-05-04T19:01:00.000Z,15600.0,1,2021,5,False,False,False,False,False,False,False,False,False,False,False,True,True,False,False,False,False,False,False,False,True
Starlink-27 (v1.0),126,2021-05-09T06:42:00.000Z,15600.0,1,2021,5,False,False,False,False,False,False,False,False,False,False,False,True,False,False,False,False,False,False,False,False,True
Starlink-26 (v1.0) + Capella-6 + Tyvak-0130,127,2021-05-15T22:54:00.000Z,13632.0,1,2021,5,False,False,False,False,False,True,False,False,False,False,False,False,True,False,False,False,False,False,False,False,True
Starlink-28 (v1.0),128,2021-05-26T18:59:00.000Z,15600.0,1,2021,5,False,False,False,False,False,False,False,False,False,False,False,True,False,False,False,False,True,False,False,False,False
CRS-22 & IROSA,129,2021-06-03T17:29:00.000Z,3328.0,1,2021,6,False,False,False,True,False,False,False,False,False,False,False,False,True,False,False,False,False,False,False,False,True
SXM-8,130,2021-06-06T04:26:00.000Z,7000.0,1,2021,6,False,True,False,False,False,False,False,False,False,False,False,False,False,False,False,False,True,False,False,False,False
GPS III SV05,131,2021-06-17T16:09:00.000Z,3681.0,1,2021,6,False,False,False,False,False,False,True,False,False,False,False,False,False,False,False,False,True,False,False,False,False
Transporter-2,132,2021-06-30T19:31:00.000Z,,1,2021,6,False,False,False,False,False,False,False,False,True,False,False,False,False,False,False,True,False,False,True,False,False
CRS-23,133,2021-08-29T07:14:00.000Z,,1,2021,8,False,False,False,True,False,False,False,False,False,False,False,False,True,False,False,False,False,False,False,False,False
Starlink 2-1 (v1.5),134,2021-09-14T03:55:00.000Z,15600.0,1,2021,9,False,False,False,False,False,False,False,True,False,False,False,False,False,True,False,False,False,False,False,False,True
Inspiration4,135,2021-09-16T00:02:00.000Z,,1,2021,9,False,False,False,False,True,False,False,False,False,False,False,False,True,False,False,False,True,False,False,False,False
Crew-3,136,2021-11-11T02:03:00.000Z,12519.0,1,2021,11,False,False,False,True,False,False,False,False,False,False,False,False,True,False,False,False,False,False,False,False,False
Starlink 4-1 (v1.5),137,2021-11-13T12:40:00.000Z,13260.0,1,2021,11,False,False,False,False,True,False,False,False,False,False,False,False,False,False,False,False,True,False,False,False,False
DART,138,2021-11-24T06:20:00.000Z,670.0,1,2021,11,False,False,False,False,False,False,False,False,False,False,True,False,False,True,False,False,False,False,False,False,True
Starlink 4-3 (v1.5),139,2021-12-01T23:20:00.000Z,13260.0,1,2021,12,False,False,False,False,False,False,False,True,False,False,False,False,False,False,False,False,False,False,False,False,False
IXPE,140,2021-12-09T06:00:00.000Z,330.0,1,2021,12,False,False,False,False,True,False,False,False,False,False,False,False,True,False,False,False,True,False,False,False,False
Starlink 4-4 (v1.5),141,2021-12-18T12:41:40.000Z,13260.0,1,2021,12,False,False,False,False,False,False,False,True,False,False,False,False,False,True,False,False,False,False,False,False,True
Türksat 5B,142,2021-12-19T03:58:00.000Z,3500.0,1,2021,12,False,True,False,False,False,False,False,False,False,False,False,False,False,False,False,False,False,False,False,False,False
CRS-24,143,2021-12-21T10:06:00.000Z,,1,2021,12,False,False,False,True,False,False,False,False,False,False,False,False,True,False,False,False,True,False,False,False,False
Starlink 4-5 (v1.5),144,2022-01-06T21:49:00.000Z,13260.0,1,2022,1,False,False,False,False,False,False,False,False,False,False,False,True,True,False,False,False,False,False,False,False,False
Transporter-3,145,2022-01-13T15:25:00.000Z,,1,2022,1,False,False,False,False,True,False,False,False,False,False,False,False,False,False,False,True,False,False,True,False,False
Starlink 4-6 (v1.5),146,2022-01-19T00:04:00.000Z,13260.0,1,2022,1,False,False,False,False,False,False,False,False,False,False,False,True,True,False,False,False,False,False,False,False,False
CSG-2,147,2022-01-31T23:11:12.000Z,2240.0,1,2022,1,False,False,False,False,False,False,False,False,True,False,False,False,False,False,False,True,False,False,True,False,False
NROL-87,148,2022-02-02T20:18:00.000Z,,1,2022,2,False,False,False,False,True,False,False,False,False,False,False,False,False,True,False,True,False,False,False,True,False
Starlink 4-7 (v1.5),149,2022-02-03T18:13:00.000Z,13260.0,1,2022,2,False,False,False,False,False,False,False,False,False,False,False,True,True,False,False,False,False,False,False,False,False
Starlink 4-8 (v1.5),150,2022-02-21T14:44:00.000Z,13260.0,1,2022,2,False,False,False,False,False,False,False,False,False,False,False,True,False,False,False,False,False,False,False,False,False
Starlink 4-11 (v1.5),151,2022-02-25T17:12:00.000Z,13260.0,1,2022,2,False,False,False,False,False,False,False,False,False,False,False,True,False,True,False,False,False,False,False,False,True
Starlink 4-9 (v1.5),152,2022-03-03T14:35:00.000Z,13260.0,1,2022,3,False,False,False,False,False,False,False,False,False,False,False,True,True,False,False,False,True,False,False,False,False
Starlink 4-10 (v1.5),153,2022-03-09T13:45:00.000Z,13260.0,1,2022,3,False,False,False,False,False,False,False,False,False,False,False,True,False,False,False,False,False,False,False,False,False
Starlink 4-12 (v1.5),154,2022-03-19T03:24:00.000Z,13260.0,1,2022,3,False,False,False,False,False,False,False,False,False,False,False,True,False,False,False,False,True,False,False,False,False
Transporter-4,155,2022-04-01T16:24:00.000Z,,1,2022,4,False,False,False,False,False,False,False,False,True,False,False,False,False,False,False,False,True,False,False,False,False
Ax-1,156,2022-04-08T15:17:00.000Z,,1,2022,4,False,False,False,True,False,False,False,False,False,False,False,False,True,False,False,False,False,False,False,False,False
NROL-85,157,2022-04-17T13:13:00.000Z,,1,2022,4,False,False,False,False,True,False,False,False,False,False,False,False,False,True,False,True,False,False,False,True,False
Starlink 4-14 (v1.5),158,2022-04-21T15:16:00.000Z,13260.0,1,2022,4,False,False,False,False,False,False,False,False,False,False,False,True,False,False,False,False,True,False,False,False,False
Crew-4,159,2022-04-27T07:52:00.000Z,,1,2022,4,False,False,False,True,False,False,False,False,False,False,False,False,True,False,False,False,False,False,False,False,False
Starlink 4-16 (v1.5),160,2022-04-29T21:27:00.000Z,13260.0,1,2022,4,False,False,False,False,False,False,False,False,False,False,False,True,False,False,False,False,True,False,False,False,False
Starlink 4-17 (v1.5),161,2022-05-06T09:42:00.000Z,13260.0,1,2022,5,False,False,False,False,False,False,False,False,False,False,False,True,True,False,False,False,False,False,False,False,False
Starlink 4-13 (v1.5),162,2022-05-13T22:07:00.000Z,13260.0,1,2022,5,False,False,False,False,False,False,False,False,False,False,False,True,False,True,False,False,False,False,False,False,True
Starlink 4-15 (v1.5),163,2022-05-14T20:40:00.000Z,13260.0,1,2022,5,False,False,False,False,False,False,False,False,False,False,False,True,False,False,False,False,True,False,False,False,False
Starlink 4-18 (v1.5),164,2022-05-18T10:40:00.000Z,13260.0,1,2022,5,False,False,False,False,False,False,False,False,False,False,False,True,True,False,False,False,False,False,False,False,False
Transporter-5,165,2022-05-25T18:27:00.000Z,,1,2022,5,False,False,False,False,False,False,False,False,True,False,False,False,False,False,False,True,False,False,True,False,False
Nilesat-301,166,2022-06-08T21:04:00.000Z,3938.0,1,2022,6,True,False,False,False,False,False,False,False,False,False,False,False,False,False,False,False,True,False,False,False,False
Starlink 4-19 (v1.5),167,2022-06-01T17:08:50.000Z,13260.0,1,2022,6,False,False,False,False,False,False,False,False,False,False,False,True,True,False,False,False,False,False,False,False,False
SARah 1,168,2022-06-18T14:19:00.000Z,2200.0,1,2022,6,False,False,False,False,False,False,False,False,True,False,False,False,False,True,False,True,False,False,False,True,False
Globalstar FM15,169,2022-06-19T04:27:00.000Z,700.0,1,2022,6,False,False,False,False,True,False,False,False,False,False,False,False,False,False,False,False,True,False,False,False,False
SES-22,170,2022-06-29T21:04:00.000Z,3500.0,1,2022,6,False,False,False,False,False,False,True,False,False,False,False,False,False,False,False,False,False,False,False,False,False
Starlink 4-21 (v1.5),171,2022-07-07T13:11:00.000Z,13260.0,1,2022,7,False,False,False,False,False,False,False,False,False,False,False,True,False,False,False,False,True,False,False,False,False
Starlink 3-1 (v1.5),172,2022-07-11T01:39:00.000Z,13260.0,1,2022,7,False,False,False,False,False,False,False,False,False,False,False,True,False,True,False,False,False,False,False,False,True
CRS-25,173,2022-07-15T00:44:00.000Z,,1,2022,7,False,False,False,True,False,False,False,False,False,False,False,False,True,False,False,False,False,False,False,False,False
Starlink 4-22 (v1.5),174,2022-07-17T14:50:00.000Z,13260.0,1,2022,7,False,False,False,False,False,False,False,False,False,False,False,True,False,False,False,False,True,False,False,False,False
Starlink 3-2 (v1.5),175,2022-07-21T17:13:00.000Z,13260.0,1,2022,7,False,False,False,False,False,False,False,False,False,False,False,True,False,True,False,False,False,False,False,False,True
Starlink 4-25 (v1.5),176,2022-07-24T00:00:00.000Z,13260.0,1,2022,7,False,False,False,False,False,False,False,False,False,False,False,True,False,False,False,False,False,False,False,False,False
KPLO,177,2022-08-04T23:08:00.000Z,678.0,1,2022,8,False,False,False,False,False,False,False,False,False,False,True,False,False,False,False,False,True,False,False,False,False
Starlink 4-26 (v1.5),178,2022-08-09T22:57:00.000Z,13260.0,1,2022,8,False,False,False,False,False,False,False,False,False,False,False,True,True,False,False,False,False,False,False,False,False
Starlink 3-3 (v1.5),179,2022-08-12T21:30:00.000Z,13260.0,1,2022,8,False,False,False,False,False,False,False,False,False,False,False,True,False,True,False,False,False,False,False,False,True
Starlink 4-27 (v1.5),180,2022-08-19T19:24:00.000Z,13260.0,1,2022,8,False,False,False,False,False,False,False,False,False,False,False,True,False,False,False,False,False,False,False,False,False
Starlink 4-23 (v1.5),181,2022-08-28T02:22:00.000Z,13260.0,1,2022,8,False,False,False,False,False,False,False,False,False,False,False,True,True,False,False,False,False,False,False,False,False
Starlink 3-4 (v1.5),182,2022-08-31T05:40:00.000Z,13260.0,1,2022,8,False,False,False,False,False,False,False,False,False,False,False,True,False,True,False,False,False,False,False,False,True
Starlink 4-20 (v1.5) & Sherpa LTC-2/Varuna-TDM,183,2022-09-05T02:09:00.000Z,13440.0,1,2022,9,False,False,False,False,False,False,False,False,False,False,False,True,False,False,False,False,True,False,False,False,False
Starlink 4-2 (v1.5) & Blue Walker 3,184,2022-09-11T01:10:00.000Z,14760.0,1,2022,9,False,False,False,False,False,False,False,False,False,False,False,True,True,False,False,False,False,False,False,False,False
Starlink 4-34 (v1.5),185,2022-09-17T01:05:00.000Z,13260.0,1,2022,9,False,False,False,False,False,False,False,False,False,False,False,True,False,False,False,False,True,False,False,False,False
Starlink 4-35 (v1.5),186,2022-09-24T23:30:00.000Z,13260.0,1,2022,9,False,False,False,False,False,False,False,False,False,False,False,True,False,False,False,False,True,False,False,False,False
Crew-5,187,2022-10-05T16:00:00.000Z,,1,2022,10,False,False,False,True,False,False,False,False,False,False,False,False,True,False,False,False,True,False,False,False,False
